Honorific Title,First Name,Last Name,Constituency,Province / Territory,Political Affiliation,Start Date,End Date
,Ziad,Aboultaif,Edmonton Manning,Alberta,Conservative,2015-10-19 12:00:00 AM,2019-10-20 11:59:59 PM
,Dan,Albas,Central Okanagan—Similkameen—Nicola,British Columbia,Conservative,2015-10-19 12:00:00 AM,2019-10-20 11:59:59 PM
,Harold,Albrecht,Kitchener—Conestoga,Ontario,Conservative,2015-10-19 12:00:00 AM,2019-10-20 11:59:59 PM
,John,Aldag,Cloverdale—Langley City,British Columbia,Liberal,2015-10-19 12:00:00 AM,2019-10-20 11:59:59 PM
,Omar,Alghabra,Mississauga Centre,Ontario,Liberal,2015-10-19 12:00:00 AM,2019-10-20 11:59:59 PM
,Leona,Alleslev,Aurora—Oak Ridges—Richmond Hill,Ontario,Conservative,2015-10-19 12:00:00 AM,2019-10-20 11:59:59 PM
,Dean,Allison,Niagara West,Ontario,Conservative,2015-10-19 12:00:00 AM,2019-10-20 11:59:59 PM
Hon.,Rona,Ambrose,Sturgeon River—Parkland,Alberta,Conservative,2015-10-19 12:00:00 AM,2017-07-04 11:59:59 PM
,William,Amos,Pontiac,Quebec,Liberal,2015-10-19 12:00:00 AM,2019-10-20 11:59:59 PM
,Gary,Anandasangaree,Scarborough—Rouge Park,Ontario,Liberal,2015-10-19 12:00:00 AM,2019-10-20 11:59:59 PM
,David,Anderson,Cypress Hills—Grasslands,Saskatchewan,Conservative,2015-10-19 12:00:00 AM,2019-10-20 11:59:59 PM
,Charlie,Angus,Timmins—James Bay,Ontario,NDP,2015-10-19 12:00:00 AM,2019-10-20 11:59:59 PM
,Mel,Arnold,North Okanagan—Shuswap,British Columbia,Conservative,2015-10-19 12:00:00 AM,2019-10-20 11:59:59 PM
,René,Arseneault,Madawaska—Restigouche,New Brunswick,Liberal,2015-10-19 12:00:00 AM,2019-10-20 11:59:59 PM
,Chandra,Arya,Nepean,Ontario,Liberal,2015-10-19 12:00:00 AM,2019-10-20 11:59:59 PM
,Niki,Ashton,Churchill—Keewatinook Aski,Manitoba,NDP,2015-10-19 12:00:00 AM,2019-10-20 11:59:59 PM
,Robert,Aubin,Trois-Rivières,Quebec,NDP,2015-10-19 12:00:00 AM,2019-10-20 11:59:59 PM
,Ramez,Ayoub,Thérèse-De Blainville,Quebec,Liberal,2015-10-19 12:00:00 AM,2019-10-20 11:59:59 PM
,Vance,Badawey,Niagara Centre,Ontario,Liberal,2015-10-19 12:00:00 AM,2019-10-20 11:59:59 PM
Hon.,Larry,Bagnell,Yukon,Yukon,Liberal,2015-10-19 12:00:00 AM,2019-10-20 11:59:59 PM
Hon.,Navdeep,Bains,Mississauga—Malton,Ontario,Liberal,2015-10-19 12:00:00 AM,2019-10-20 11:59:59 PM
,John,Barlow,Foothills,Alberta,Conservative,2015-10-19 12:00:00 AM,2019-10-20 11:59:59 PM
,Michael,Barrett,Leeds—Grenville—Thousand Islands and Rideau Lakes,Ontario,Conservative,2018-12-03 12:00:00 AM,2019-10-20 11:59:59 PM
,Xavier,Barsalou-Duval,Pierre-Boucher—Les Patriotes—Verchères,Quebec,Bloc Québécois,2015-10-19 12:00:00 AM,2019-10-20 11:59:59 PM
,Frank,Baylis,Pierrefonds—Dollard,Quebec,Liberal,2015-10-19 12:00:00 AM,2019-10-20 11:59:59 PM
,Mario,Beaulieu,La Pointe-de-l'Île,Quebec,Bloc Québécois,2015-10-19 12:00:00 AM,2019-10-20 11:59:59 PM
,Terry,Beech,Burnaby North—Seymour,British Columbia,Liberal,2015-10-19 12:00:00 AM,2019-10-20 11:59:59 PM
Hon.,Mauril,Bélanger,Ottawa—Vanier,Ontario,Liberal,2015-10-19 12:00:00 AM,2016-08-15 11:59:59 PM
,Rachel,Bendayan,Outremont,Quebec,Liberal,2019-02-25 12:00:00 AM,2019-10-20 11:59:59 PM
Hon.,Carolyn,Bennett,Toronto—St. Paul's,Ontario,Liberal,2015-10-19 12:00:00 AM,2019-10-20 11:59:59 PM
,Sheri,Benson,Saskatoon West,Saskatchewan,NDP,2015-10-19 12:00:00 AM,2019-10-20 11:59:59 PM
,Bob,Benzen,Calgary Heritage,Alberta,Conservative,2017-04-03 12:00:00 AM,2019-10-20 11:59:59 PM
Hon.,Candice,Bergen,Portage—Lisgar,Manitoba,Conservative,2015-10-19 12:00:00 AM,2019-10-20 11:59:59 PM
Hon.,Maxime,Bernier,Beauce,Quebec,People's Party,2015-10-19 12:00:00 AM,2019-10-20 11:59:59 PM
,Luc,Berthold,Mégantic—L'Érable,Quebec,Conservative,2015-10-19 12:00:00 AM,2019-10-20 11:59:59 PM
,James,Bezan,Selkirk—Interlake—Eastman,Manitoba,Conservative,2015-10-19 12:00:00 AM,2019-10-20 11:59:59 PM
Hon.,Marie-Claude,Bibeau,Compton—Stanstead,Quebec,Liberal,2015-10-19 12:00:00 AM,2019-10-20 11:59:59 PM
,Chris,Bittle,St. Catharines,Ontario,Liberal,2015-10-19 12:00:00 AM,2019-10-20 11:59:59 PM
,Daniel,Blaikie,Elmwood—Transcona,Manitoba,NDP,2015-10-19 12:00:00 AM,2019-10-20 11:59:59 PM
Hon.,Bill,Blair,Scarborough Southwest,Ontario,Liberal,2015-10-19 12:00:00 AM,2019-10-20 11:59:59 PM
,Rachel,Blaney,North Island—Powell River,British Columbia,NDP,2015-10-19 12:00:00 AM,2019-10-20 11:59:59 PM
Hon.,Steven,Blaney,Bellechasse—Les Etchemins—Lévis,Quebec,Conservative,2015-10-19 12:00:00 AM,2019-10-20 11:59:59 PM
,Kelly,Block,Carlton Trail—Eagle Creek,Saskatchewan,Conservative,2015-10-19 12:00:00 AM,2019-10-20 11:59:59 PM
,Randy,Boissonnault,Edmonton Centre,Alberta,Liberal,2015-10-19 12:00:00 AM,2019-10-20 11:59:59 PM
,Mike,Bossio,Hastings—Lennox and Addington,Ontario,Liberal,2015-10-19 12:00:00 AM,2019-10-20 11:59:59 PM
,Sylvie,Boucher,Beauport—Côte-de-Beaupré—Île d'Orléans—Charlevoix,Quebec,Conservative,2015-10-19 12:00:00 AM,2019-10-20 11:59:59 PM
,Michel,Boudrias,Terrebonne,Quebec,Bloc Québécois,2015-10-19 12:00:00 AM,2019-10-20 11:59:59 PM
,Alexandre,Boulerice,Rosemont—La Petite-Patrie,Quebec,NDP,2015-10-19 12:00:00 AM,2019-10-20 11:59:59 PM
,Marjolaine,Boutin-Sweet,Hochelaga,Quebec,NDP,2015-10-19 12:00:00 AM,2019-10-20 11:59:59 PM
,John,Brassard,Barrie—Innisfil,Ontario,Conservative,2015-10-19 12:00:00 AM,2019-10-20 11:59:59 PM
,Bob,Bratina,Hamilton East—Stoney Creek,Ontario,Liberal,2015-10-19 12:00:00 AM,2019-10-20 11:59:59 PM
,Pierre,Breton,Shefford,Quebec,Liberal,2015-10-19 12:00:00 AM,2019-10-20 11:59:59 PM
Hon.,Scott,Brison,Kings—Hants,Nova Scotia,Liberal,2015-10-19 12:00:00 AM,2019-02-10 11:59:59 PM
,Ruth Ellen,Brosseau,Berthier—Maskinongé,Quebec,NDP,2015-10-19 12:00:00 AM,2019-10-20 11:59:59 PM
,Gordon,Brown,Leeds—Grenville—Thousand Islands and Rideau Lakes,Ontario,Conservative,2015-10-19 12:00:00 AM,2018-05-02 11:59:00 PM
,Celina,Caesar-Chavannes,Whitby,Ontario,Independent,2015-10-19 12:00:00 AM,2019-10-20 11:59:59 PM
,Blaine,Calkins,Red Deer—Lacombe,Alberta,Conservative,2015-10-19 12:00:00 AM,2019-10-20 11:59:59 PM
,Richard,Cannings,South Okanagan—West Kootenay,British Columbia,NDP,2015-10-19 12:00:00 AM,2019-10-20 11:59:59 PM
,Guy,Caron,Rimouski-Neigette—Témiscouata—Les Basques,Quebec,NDP,2015-10-19 12:00:00 AM,2019-10-20 11:59:59 PM
Hon.,Jim,Carr,Winnipeg South Centre,Manitoba,Liberal,2015-10-19 12:00:00 AM,2019-10-20 11:59:59 PM
,Colin,Carrie,Oshawa,Ontario,Conservative,2015-10-19 12:00:00 AM,2019-10-20 11:59:59 PM
,Bill,Casey,Cumberland—Colchester,Nova Scotia,Liberal,2015-10-19 12:00:00 AM,2019-10-20 11:59:59 PM
,Sean,Casey,Charlottetown,Prince Edward Island,Liberal,2015-10-19 12:00:00 AM,2019-10-20 11:59:59 PM
Hon.,Bardish,Chagger,Waterloo,Ontario,Liberal,2015-10-19 12:00:00 AM,2019-10-20 11:59:59 PM
Hon.,François-Philippe,Champagne,Saint-Maurice—Champlain,Quebec,Liberal,2015-10-19 12:00:00 AM,2019-10-20 11:59:59 PM
,Arnold,Chan,Scarborough—Agincourt,Ontario,Liberal,2015-10-19 12:00:00 AM,2017-09-14 12:00:00 PM
,Shaun,Chen,Scarborough North,Ontario,Liberal,2015-10-19 12:00:00 AM,2019-10-20 11:59:59 PM
Hon.,Michael,Chong,Wellington—Halton Hills,Ontario,Conservative,2015-10-19 12:00:00 AM,2019-10-20 11:59:59 PM
,François,Choquette,Drummond,Quebec,NDP,2015-10-19 12:00:00 AM,2019-10-20 11:59:59 PM
,David,Christopherson,Hamilton Centre,Ontario,NDP,2015-10-19 12:00:00 AM,2019-10-20 11:59:59 PM
,Alupa,Clarke,Beauport—Limoilou,Quebec,Conservative,2015-10-19 12:00:00 AM,2019-10-20 11:59:59 PM
Hon.,Tony,Clement,Parry Sound—Muskoka,Ontario,Independent,2015-10-19 12:00:00 AM,2019-10-20 11:59:59 PM
,Michael,Cooper,St. Albert—Edmonton,Alberta,Conservative,2015-10-19 12:00:00 AM,2019-10-20 11:59:59 PM
,Serge,Cormier,Acadie—Bathurst,New Brunswick,Liberal,2015-10-19 12:00:00 AM,2019-10-20 11:59:59 PM
,Nathan,Cullen,Skeena—Bulkley Valley,British Columbia,NDP,2015-10-19 12:00:00 AM,2019-10-20 11:59:59 PM
,Rodger,Cuzner,Cape Breton—Canso,Nova Scotia,Liberal,2015-10-19 12:00:00 AM,2019-10-20 11:59:59 PM
,Julie,Dabrusin,Toronto—Danforth,Ontario,Liberal,2015-10-19 12:00:00 AM,2019-10-20 11:59:59 PM
,Pam,Damoff,Oakville North—Burlington,Ontario,Liberal,2015-10-19 12:00:00 AM,2019-10-20 11:59:59 PM
,Scot,Davidson,York—Simcoe,Ontario,Conservative,2019-02-25 12:00:00 AM,2019-10-20 11:59:59 PM
,Don,Davies,Vancouver Kingsway,British Columbia,NDP,2015-10-19 12:00:00 AM,2019-10-20 11:59:59 PM
,Matt,DeCourcey,Fredericton,New Brunswick,Liberal,2015-10-19 12:00:00 AM,2019-10-20 11:59:59 PM
,Gérard,Deltell,Louis-Saint-Laurent,Quebec,Conservative,2015-10-19 12:00:00 AM,2019-10-20 11:59:59 PM
,Sukh,Dhaliwal,Surrey—Newton,British Columbia,Liberal,2015-10-19 12:00:00 AM,2019-10-20 11:59:59 PM
,Anju,Dhillon,Dorval—Lachine—LaSalle,Quebec,Liberal,2015-10-19 12:00:00 AM,2019-10-20 11:59:59 PM
,Nicola,Di Iorio,Saint-Léonard—Saint-Michel,Quebec,Liberal,2015-10-19 12:00:00 AM,2019-01-29 11:59:59 PM
Hon.,Stéphane,Dion,Saint-Laurent,Quebec,Liberal,2015-10-19 12:00:00 AM,2017-02-06 11:59:59 PM
,Kerry,Diotte,Edmonton Griesbach,Alberta,Conservative,2015-10-19 12:00:00 AM,2019-10-20 11:59:59 PM
,Todd,Doherty,Cariboo—Prince George,British Columbia,Conservative,2015-10-19 12:00:00 AM,2019-10-20 11:59:59 PM
,Fin,Donnelly,Port Moody—Coquitlam,British Columbia,NDP,2015-10-19 12:00:00 AM,2019-10-20 11:59:59 PM
,Earl,Dreeshen,Red Deer—Mountain View,Alberta,Conservative,2015-10-19 12:00:00 AM,2019-10-20 11:59:59 PM
,Francis,Drouin,Glengarry—Prescott—Russell,Ontario,Liberal,2015-10-19 12:00:00 AM,2019-10-20 11:59:59 PM
,Matthew,Dubé,Beloeil—Chambly,Quebec,NDP,2015-10-19 12:00:00 AM,2019-10-20 11:59:59 PM
,Emmanuel,Dubourg,Bourassa,Quebec,Liberal,2015-10-19 12:00:00 AM,2019-10-20 11:59:59 PM
Hon.,Jean-Yves,Duclos,Québec,Quebec,Liberal,2015-10-19 12:00:00 AM,2019-10-20 11:59:59 PM
,Terry,Duguid,Winnipeg South,Manitoba,Liberal,2015-10-19 12:00:00 AM,2019-10-20 11:59:59 PM
Hon.,Kirsty,Duncan,Etobicoke North,Ontario,Liberal,2015-10-19 12:00:00 AM,2019-10-20 11:59:59 PM
,Linda,Duncan,Edmonton Strathcona,Alberta,NDP,2015-10-19 12:00:00 AM,2019-10-20 11:59:59 PM
,Pierre-Luc,Dusseault,Sherbrooke,Quebec,NDP,2015-10-19 12:00:00 AM,2019-10-20 11:59:59 PM
,Scott,Duvall,Hamilton Mountain,Ontario,NDP,2015-10-19 12:00:00 AM,2019-10-20 11:59:59 PM
,Julie,Dzerowicz,Davenport,Ontario,Liberal,2015-10-19 12:00:00 AM,2019-10-20 11:59:59 PM
Hon.,Wayne,Easter,Malpeque,Prince Edward Island,Liberal,2015-10-19 12:00:00 AM,2019-10-20 11:59:59 PM
,Jim,Eglinski,Yellowhead,Alberta,Conservative,2015-10-19 12:00:00 AM,2019-10-20 11:59:59 PM
,Ali,Ehsassi,Willowdale,Ontario,Liberal,2015-10-19 12:00:00 AM,2019-10-20 11:59:59 PM
,Fayçal,El-Khoury,Laval—Les Îles,Quebec,Liberal,2015-10-19 12:00:00 AM,2019-10-20 11:59:59 PM
,Neil,Ellis,Bay of Quinte,Ontario,Liberal,2015-10-19 12:00:00 AM,2019-10-20 11:59:59 PM
,Nathaniel,Erskine-Smith,Beaches—East York,Ontario,Liberal,2015-10-19 12:00:00 AM,2019-10-20 11:59:59 PM
Hon.,Mark,Eyking,Sydney—Victoria,Nova Scotia,Liberal,2015-10-19 12:00:00 AM,2019-10-20 11:59:59 PM
,Doug,Eyolfson,Charleswood—St. James—Assiniboia—Headingley,Manitoba,Liberal,2015-10-19 12:00:00 AM,2019-10-20 11:59:59 PM
,Rosemarie,Falk,Battlefords—Lloydminster,Saskatchewan,Conservative,2017-12-11 12:00:00 AM,2019-10-20 11:59:59 PM
,Ted,Falk,Provencher,Manitoba,Conservative,2015-10-19 12:00:00 AM,2019-10-20 11:59:59 PM
Hon.,Ed,Fast,Abbotsford,British Columbia,Conservative,2015-10-19 12:00:00 AM,2019-10-20 11:59:59 PM
,Greg,Fergus,Hull—Aylmer,Quebec,Liberal,2015-10-19 12:00:00 AM,2019-10-20 11:59:59 PM
,Andy,Fillmore,Halifax,Nova Scotia,Liberal,2015-10-19 12:00:00 AM,2019-10-20 11:59:59 PM
Hon.,Diane,Finley,Haldimand—Norfolk,Ontario,Conservative,2015-10-19 12:00:00 AM,2019-10-20 11:59:59 PM
,Pat,Finnigan,Miramichi—Grand Lake,New Brunswick,Liberal,2015-10-19 12:00:00 AM,2019-10-20 11:59:59 PM
,Darren,Fisher,Dartmouth—Cole Harbour,Nova Scotia,Liberal,2015-10-19 12:00:00 AM,2019-10-20 11:59:59 PM
,Peter,Fonseca,Mississauga East—Cooksville,Ontario,Liberal,2015-10-19 12:00:00 AM,2019-10-20 11:59:59 PM
Hon.,Judy,Foote,Bonavista—Burin—Trinity,Newfoundland and Labrador,Liberal,2015-10-19 12:00:00 AM,2017-09-30 11:59:59 PM
,Mona,Fortier,Ottawa—Vanier,Ontario,Liberal,2017-04-03 12:00:00 AM,2019-10-20 11:59:59 PM
,Rhéal,Fortin,Rivière-du-Nord,Quebec,Bloc Québécois,2015-10-19 12:00:00 AM,2019-10-20 11:59:59 PM
,Peter,Fragiskatos,London North Centre,Ontario,Liberal,2015-10-19 12:00:00 AM,2019-10-20 11:59:59 PM
,Colin,Fraser,West Nova,Nova Scotia,Liberal,2015-10-19 12:00:00 AM,2019-10-20 11:59:59 PM
,Sean,Fraser,Central Nova,Nova Scotia,Liberal,2015-10-19 12:00:00 AM,2019-10-20 11:59:59 PM
Hon.,Chrystia,Freeland,University—Rosedale,Ontario,Liberal,2015-10-19 12:00:00 AM,2019-10-20 11:59:59 PM
Hon.,Hedy,Fry,Vancouver Centre,British Columbia,Liberal,2015-10-19 12:00:00 AM,2019-10-20 11:59:59 PM
,Stephen,Fuhr,Kelowna—Lake Country,British Columbia,Liberal,2015-10-19 12:00:00 AM,2019-10-20 11:59:59 PM
,Cheryl,Gallant,Renfrew—Nipissing—Pembroke,Ontario,Conservative,2015-10-19 12:00:00 AM,2019-10-20 11:59:59 PM
Hon.,Marc,Garneau,Notre-Dame-de-Grâce—Westmount,Quebec,Liberal,2015-10-19 12:00:00 AM,2019-10-20 11:59:59 PM
,Randall,Garrison,Esquimalt—Saanich—Sooke,British Columbia,NDP,2015-10-19 12:00:00 AM,2019-10-20 11:59:59 PM
,Bernard,Généreux,Montmagny—L'Islet—Kamouraska—Rivière-du-Loup,Quebec,Conservative,2015-10-19 12:00:00 AM,2019-10-20 11:59:59 PM
,Garnett,Genuis,Sherwood Park—Fort Saskatchewan,Alberta,Conservative,2015-10-19 12:00:00 AM,2019-10-20 11:59:59 PM
,Mark,Gerretsen,Kingston and the Islands,Ontario,Liberal,2015-10-19 12:00:00 AM,2019-10-20 11:59:59 PM
,Marilène,Gill,Manicouagan,Quebec,Bloc Québécois,2015-10-19 12:00:00 AM,2019-10-20 11:59:59 PM
,Marilyn,Gladu,Sarnia—Lambton,Ontario,Conservative,2015-10-19 12:00:00 AM,2019-10-20 11:59:59 PM
,Joël,Godin,Portneuf—Jacques-Cartier,Quebec,Conservative,2015-10-19 12:00:00 AM,2019-10-20 11:59:59 PM
,Pamela,Goldsmith-Jones,West Vancouver—Sunshine Coast—Sea to Sky Country,British Columbia,Liberal,2015-10-19 12:00:00 AM,2019-10-20 11:59:59 PM
Hon.,Ralph,Goodale,Regina—Wascana,Saskatchewan,Liberal,2015-10-19 12:00:00 AM,2019-10-20 11:59:59 PM
Hon.,Karina,Gould,Burlington,Ontario,Liberal,2015-10-19 12:00:00 AM,2019-10-20 11:59:59 PM
,Jacques,Gourde,Lévis—Lotbinière,Quebec,Conservative,2015-10-19 12:00:00 AM,2019-10-20 11:59:59 PM
,David de Burgh,Graham,Laurentides—Labelle,Quebec,Liberal,2015-10-19 12:00:00 AM,2019-10-20 11:59:59 PM
,Raj,Grewal,Brampton East,Ontario,Independent,2015-10-19 12:00:00 AM,2019-10-20 11:59:59 PM
Hon.,Patty,Hajdu,Thunder Bay—Superior North,Ontario,Liberal,2015-10-19 12:00:00 AM,2019-10-20 11:59:59 PM
,Cheryl,Hardcastle,Windsor—Tecumseh,Ontario,NDP,2015-10-19 12:00:00 AM,2019-10-20 11:59:59 PM
,Ken,Hardie,Fleetwood—Port Kells,British Columbia,Liberal,2015-10-19 12:00:00 AM,2019-10-20 11:59:59 PM
Right Hon.,Stephen,Harper,Calgary Heritage,Alberta,Conservative,2015-10-19 12:00:00 AM,2016-08-26 11:59:59 PM
,T.J.,Harvey,Tobique—Mactaquac,New Brunswick,Liberal,2015-10-19 12:00:00 AM,2019-10-20 11:59:59 PM
,Richard,Hébert,Lac-Saint-Jean,Quebec,Liberal,2017-10-23 12:00:00 AM,2019-10-20 11:59:59 PM
Hon.,Kent,Hehr,Calgary Centre,Alberta,Liberal,2015-10-19 12:00:00 AM,2019-10-20 11:59:59 PM
,Jim,Hillyer,Medicine Hat—Cardston—Warner,Alberta,Conservative,2015-10-19 12:00:00 AM,2016-03-23 11:59:59 PM
,Randy,Hoback,Prince Albert,Saskatchewan,Conservative,2015-10-19 12:00:00 AM,2019-10-20 11:59:59 PM
,Gordie,Hogg,South Surrey—White Rock,British Columbia,Liberal,2017-12-11 12:00:00 AM,2019-10-20 11:59:59 PM
Hon.,Mark,Holland,Ajax,Ontario,Liberal,2015-10-19 12:00:00 AM,2019-10-20 11:59:59 PM
,Anthony,Housefather,Mount Royal,Quebec,Liberal,2015-10-19 12:00:00 AM,2019-10-20 11:59:59 PM
,Carol,Hughes,Algoma—Manitoulin—Kapuskasing,Ontario,NDP,2015-10-19 12:00:00 AM,2019-10-20 11:59:59 PM
Hon.,Ahmed,Hussen,York South—Weston,Ontario,Liberal,2015-10-19 12:00:00 AM,2019-10-20 11:59:59 PM
,Gudie,Hutchings,Long Range Mountains,Newfoundland and Labrador,Liberal,2015-10-19 12:00:00 AM,2019-10-20 11:59:59 PM
,Angelo,Iacono,Alfred-Pellan,Quebec,Liberal,2015-10-19 12:00:00 AM,2019-10-20 11:59:59 PM
,Matt,Jeneroux,Edmonton Riverbend,Alberta,Conservative,2015-10-19 12:00:00 AM,2019-10-20 11:59:59 PM
,Gord,Johns,Courtenay—Alberni,British Columbia,NDP,2015-10-19 12:00:00 AM,2019-10-20 11:59:59 PM
,Georgina,Jolibois,Desnethé—Missinippi—Churchill River,Saskatchewan,NDP,2015-10-19 12:00:00 AM,2019-10-20 11:59:59 PM
Hon.,Mélanie,Joly,Ahuntsic-Cartierville,Quebec,Liberal,2015-10-19 12:00:00 AM,2019-10-20 11:59:59 PM
,Yvonne,Jones,Labrador,Newfoundland and Labrador,Liberal,2015-10-19 12:00:00 AM,2019-10-20 11:59:59 PM
Hon.,Bernadette,Jordan,South Shore—St. Margarets,Nova Scotia,Liberal,2015-10-19 12:00:00 AM,2019-10-20 11:59:59 PM
,Majid,Jowhari,Richmond Hill,Ontario,Liberal,2015-10-19 12:00:00 AM,2019-10-20 11:59:59 PM
,Peter,Julian,New Westminster—Burnaby,British Columbia,NDP,2015-10-19 12:00:00 AM,2019-10-20 11:59:59 PM
,Darshan Singh,Kang,Calgary Skyview,Alberta,Independent,2015-10-19 12:00:00 AM,2019-10-20 11:59:59 PM
,Pat,Kelly,Calgary Rocky Ridge,Alberta,Conservative,2015-10-19 12:00:00 AM,2019-10-20 11:59:59 PM
Hon.,Jason,Kenney,Calgary Midnapore,Alberta,Conservative,2015-10-19 12:00:00 AM,2016-09-23 11:59:59 PM
Hon.,Peter,Kent,Thornhill,Ontario,Conservative,2015-10-19 12:00:00 AM,2019-10-20 11:59:59 PM
,Iqra,Khalid,Mississauga—Erin Mills,Ontario,Liberal,2015-10-19 12:00:00 AM,2019-10-20 11:59:59 PM
,Kamal,Khera,Brampton West,Ontario,Liberal,2015-10-19 12:00:00 AM,2019-10-20 11:59:59 PM
,Robert,Kitchen,Souris—Moose Mountain,Saskatchewan,Conservative,2015-10-19 12:00:00 AM,2019-10-20 11:59:59 PM
,Tom,Kmiec,Calgary Shepard,Alberta,Conservative,2015-10-19 12:00:00 AM,2019-10-20 11:59:59 PM
,Stephanie,Kusie,Calgary Midnapore,Alberta,Conservative,2017-04-03 12:00:00 AM,2019-10-20 11:59:59 PM
,Jenny,Kwan,Vancouver East,British Columbia,NDP,2015-10-19 12:00:00 AM,2019-10-20 11:59:59 PM
Hon.,Mike,Lake,Edmonton—Wetaskiwin,Alberta,Conservative,2015-10-19 12:00:00 AM,2019-10-20 11:59:59 PM
,Emmanuella,Lambropoulos,Saint-Laurent,Quebec,Liberal,2017-04-03 12:00:00 AM,2019-10-20 11:59:59 PM
Hon.,David,Lametti,LaSalle—Émard—Verdun,Quebec,Liberal,2015-10-19 12:00:00 AM,2019-10-20 11:59:59 PM
,Kevin,Lamoureux,Winnipeg North,Manitoba,Liberal,2015-10-19 12:00:00 AM,2019-10-20 11:59:59 PM
,Linda,Lapointe,Rivière-des-Mille-Îles,Quebec,Liberal,2015-10-19 12:00:00 AM,2019-10-20 11:59:59 PM
,Guy,Lauzon,Stormont—Dundas—South Glengarry,Ontario,Conservative,2015-10-19 12:00:00 AM,2019-10-20 11:59:59 PM
,Stéphane,Lauzon,Argenteuil—La Petite-Nation,Quebec,Liberal,2015-10-19 12:00:00 AM,2019-10-20 11:59:59 PM
,Hélène,Laverdière,Laurier—Sainte-Marie,Quebec,NDP,2015-10-19 12:00:00 AM,2019-10-20 11:59:59 PM
Hon.,Denis,Lebel,Lac-Saint-Jean,Quebec,Conservative,2015-10-19 12:00:00 AM,2017-08-09 10:35:32 AM
Hon.,Dominic,LeBlanc,Beauséjour,New Brunswick,Liberal,2015-10-19 12:00:00 AM,2019-10-20 11:59:59 PM
Hon.,Diane,Lebouthillier,Gaspésie—Les Îles-de-la-Madeleine,Quebec,Liberal,2015-10-19 12:00:00 AM,2019-10-20 11:59:59 PM
,Paul,Lefebvre,Sudbury,Ontario,Liberal,2015-10-19 12:00:00 AM,2019-10-20 11:59:59 PM
Hon.,K. Kellie,Leitch,Simcoe—Grey,Ontario,Conservative,2015-10-19 12:00:00 AM,2019-10-20 11:59:59 PM
,Denis,Lemieux,Chicoutimi—Le Fjord,Quebec,Liberal,2015-10-19 12:00:00 AM,2017-12-01 11:59:00 PM
Hon.,Andrew,Leslie,Orléans,Ontario,Liberal,2015-10-19 12:00:00 AM,2019-10-20 11:59:59 PM
,Michael,Levitt,York Centre,Ontario,Liberal,2015-10-19 12:00:00 AM,2019-10-20 11:59:59 PM
,Ron,Liepert,Calgary Signal Hill,Alberta,Conservative,2015-10-19 12:00:00 AM,2019-10-20 11:59:59 PM
,Joël,Lightbound,Louis-Hébert,Quebec,Liberal,2015-10-19 12:00:00 AM,2019-10-20 11:59:59 PM
,Dane,Lloyd,Sturgeon River—Parkland,Alberta,Conservative,2017-10-23 12:00:00 AM,2019-10-20 11:59:59 PM
,Ben,Lobb,Huron—Bruce,Ontario,Conservative,2015-10-19 12:00:00 AM,2019-10-20 11:59:59 PM
,Alaina,Lockhart,Fundy Royal,New Brunswick,Liberal,2015-10-19 12:00:00 AM,2019-10-20 11:59:59 PM
,Wayne,Long,Saint John—Rothesay,New Brunswick,Liberal,2015-10-19 12:00:00 AM,2019-10-20 11:59:59 PM
,Lloyd,Longfield,Guelph,Ontario,Liberal,2015-10-19 12:00:00 AM,2019-10-20 11:59:59 PM
,Karen,Ludwig,New Brunswick Southwest,New Brunswick,Liberal,2015-10-19 12:00:00 AM,2019-10-20 11:59:59 PM
,Tom,Lukiwski,Moose Jaw—Lake Centre—Lanigan,Saskatchewan,Conservative,2015-10-19 12:00:00 AM,2019-10-20 11:59:59 PM
Hon.,Lawrence,MacAulay,Cardigan,Prince Edward Island,Liberal,2015-10-19 12:00:00 AM,2019-10-20 11:59:59 PM
,Alistair,MacGregor,Cowichan—Malahat—Langford,British Columbia,NDP,2015-10-19 12:00:00 AM,2019-10-20 11:59:59 PM
,Dave,MacKenzie,Oxford,Ontario,Conservative,2015-10-19 12:00:00 AM,2019-10-20 11:59:59 PM
,Steven,MacKinnon,Gatineau,Quebec,Liberal,2015-10-19 12:00:00 AM,2019-10-20 11:59:59 PM
,Larry,Maguire,Brandon—Souris,Manitoba,Conservative,2015-10-19 12:00:00 AM,2019-10-20 11:59:59 PM
,Sheila,Malcolmson,Nanaimo—Ladysmith,British Columbia,NDP,2015-10-19 12:00:00 AM,2019-01-02 8:58:48 AM
,James,Maloney,Etobicoke—Lakeshore,Ontario,Liberal,2015-10-19 12:00:00 AM,2019-10-20 11:59:59 PM
,Paul,Manly,Nanaimo—Ladysmith,British Columbia,Green Party,2019-05-06 12:00:00 AM,2019-10-20 11:59:59 PM
,Simon,Marcil,Mirabel,Quebec,Bloc Québécois,2015-10-19 12:00:00 AM,2019-10-20 11:59:59 PM
,Richard,Martel,Chicoutimi—Le Fjord,Quebec,Conservative,2018-06-18 12:00:00 AM,2019-10-20 11:59:59 PM
,Brian,Masse,Windsor West,Ontario,NDP,2015-10-19 12:00:00 AM,2019-10-20 11:59:59 PM
,Rémi,Massé,Avignon—La Mitis—Matane—Matapédia,Quebec,Liberal,2015-10-19 12:00:00 AM,2019-10-20 11:59:59 PM
,Irene,Mathyssen,London—Fanshawe,Ontario,NDP,2015-10-19 12:00:00 AM,2019-10-20 11:59:59 PM
,Bryan,May,Cambridge,Ontario,Liberal,2015-10-19 12:00:00 AM,2019-10-20 11:59:59 PM
,Elizabeth,May,Saanich—Gulf Islands,British Columbia,Green Party,2015-10-19 12:00:00 AM,2019-10-20 11:59:59 PM
Hon.,John,McCallum,Markham—Thornhill,Ontario,Liberal,2015-10-19 12:00:00 AM,2017-02-01 11:59:00 PM
,Kelly,McCauley,Edmonton West,Alberta,Conservative,2015-10-19 12:00:00 AM,2019-10-20 11:59:59 PM
,Phil,McColeman,Brantford—Brant,Ontario,Conservative,2015-10-19 12:00:00 AM,2019-10-20 11:59:59 PM
,Karen,McCrimmon,Kanata—Carleton,Ontario,Liberal,2015-10-19 12:00:00 AM,2019-10-20 11:59:59 PM
,Ken,McDonald,Avalon,Newfoundland and Labrador,Liberal,2015-10-19 12:00:00 AM,2019-10-20 11:59:59 PM
Hon.,David,McGuinty,Ottawa South,Ontario,Liberal,2015-10-19 12:00:00 AM,2019-10-20 11:59:59 PM
Hon.,John,McKay,Scarborough—Guildwood,Ontario,Liberal,2015-10-19 12:00:00 AM,2019-10-20 11:59:59 PM
Hon.,Catherine,McKenna,Ottawa Centre,Ontario,Liberal,2015-10-19 12:00:00 AM,2019-10-20 11:59:59 PM
,Ron,McKinnon,Coquitlam—Port Coquitlam,British Columbia,Liberal,2015-10-19 12:00:00 AM,2019-10-20 11:59:59 PM
,Cathy,McLeod,Kamloops—Thompson—Cariboo,British Columbia,Conservative,2015-10-19 12:00:00 AM,2019-10-20 11:59:59 PM
,Michael,McLeod,Northwest Territories,Northwest Territories,Liberal,2015-10-19 12:00:00 AM,2019-10-20 11:59:59 PM
,Alexandra,Mendès,Brossard—Saint-Lambert,Quebec,Liberal,2015-10-19 12:00:00 AM,2019-10-20 11:59:59 PM
,Marco,Mendicino,Eglinton—Lawrence,Ontario,Liberal,2015-10-19 12:00:00 AM,2019-10-20 11:59:59 PM
Hon.,MaryAnn,Mihychuk,Kildonan—St. Paul,Manitoba,Liberal,2015-10-19 12:00:00 AM,2019-10-20 11:59:59 PM
,Larry,Miller,Bruce—Grey—Owen Sound,Ontario,Conservative,2015-10-19 12:00:00 AM,2019-10-20 11:59:59 PM
,Marc,Miller,Ville-Marie—Le Sud-Ouest—Île-des-Soeurs,Quebec,Liberal,2015-10-19 12:00:00 AM,2019-10-20 11:59:59 PM
Hon.,Maryam,Monsef,Peterborough—Kawartha,Ontario,Liberal,2015-10-19 12:00:00 AM,2019-10-20 11:59:59 PM
,Christine,Moore,Abitibi—Témiscamingue,Quebec,NDP,2015-10-19 12:00:00 AM,2019-10-20 11:59:59 PM
Hon.,Bill,Morneau,Toronto Centre,Ontario,Liberal,2015-10-19 12:00:00 AM,2019-10-20 11:59:59 PM
,Robert,Morrissey,Egmont,Prince Edward Island,Liberal,2015-10-19 12:00:00 AM,2019-10-20 11:59:59 PM
,Glen,Motz,Medicine Hat—Cardston—Warner,Alberta,Conservative,2016-10-24 12:00:00 AM,2019-10-20 11:59:59 PM
Hon.,Thomas,Mulcair,Outremont,Quebec,NDP,2015-10-19 12:00:00 AM,2018-08-03 11:59:59 PM
Hon.,Joyce,Murray,Vancouver Quadra,British Columbia,Liberal,2015-10-19 12:00:00 AM,2019-10-20 11:59:59 PM
,Pierre,Nantel,Longueuil—Saint-Hubert,Quebec,Independent,2015-10-19 12:00:00 AM,2019-10-20 11:59:59 PM
,Eva,Nassif,Vimy,Quebec,Liberal,2015-10-19 12:00:00 AM,2019-10-20 11:59:59 PM
,John,Nater,Perth—Wellington,Ontario,Conservative,2015-10-19 12:00:00 AM,2019-10-20 11:59:59 PM
Hon.,Robert,Nault,Kenora,Ontario,Liberal,2015-10-19 12:00:00 AM,2019-10-20 11:59:59 PM
Hon.,Mary,Ng,Markham—Thornhill,Ontario,Liberal,2017-04-03 12:00:00 AM,2019-10-20 11:59:59 PM
Hon.,Rob,Nicholson,Niagara Falls,Ontario,Conservative,2015-10-19 12:00:00 AM,2019-10-20 11:59:59 PM
,Alexander,Nuttall,Barrie—Springwater—Oro-Medonte,Ontario,Conservative,2015-10-19 12:00:00 AM,2019-10-20 11:59:59 PM
Hon.,Deepak,Obhrai,Calgary Forest Lawn,Alberta,Conservative,2015-10-19 12:00:00 AM,2019-08-02 11:59:59 PM
,Jennifer,O'Connell,Pickering—Uxbridge,Ontario,Liberal,2015-10-19 12:00:00 AM,2019-10-20 11:59:59 PM
,Robert,Oliphant,Don Valley West,Ontario,Liberal,2015-10-19 12:00:00 AM,2019-10-20 11:59:59 PM
,John,Oliver,Oakville,Ontario,Liberal,2015-10-19 12:00:00 AM,2019-10-20 11:59:59 PM
Hon.,Seamus,O'Regan,St. John's South—Mount Pearl,Newfoundland and Labrador,Liberal,2015-10-19 12:00:00 AM,2019-10-20 11:59:59 PM
Hon.,Erin,O'Toole,Durham,Ontario,Conservative,2015-10-19 12:00:00 AM,2019-10-20 11:59:59 PM
,Robert-Falcon,Ouellette,Winnipeg Centre,Manitoba,Liberal,2015-10-19 12:00:00 AM,2019-10-20 11:59:59 PM
Hon.,Denis,Paradis,Brome—Missisquoi,Quebec,Liberal,2015-10-19 12:00:00 AM,2019-10-20 11:59:59 PM
,Pierre,Paul-Hus,Charlesbourg—Haute-Saint-Charles,Quebec,Conservative,2015-10-19 12:00:00 AM,2019-10-20 11:59:59 PM
,Monique,Pauzé,Repentigny,Quebec,Bloc Québécois,2015-10-19 12:00:00 AM,2019-10-20 11:59:59 PM
,Joe,Peschisolido,Steveston—Richmond East,British Columbia,Liberal,2015-10-19 12:00:00 AM,2019-10-20 11:59:59 PM
,Kyle,Peterson,Newmarket—Aurora,Ontario,Liberal,2015-10-19 12:00:00 AM,2019-10-20 11:59:59 PM
Hon.,Ginette,Petitpas Taylor,Moncton—Riverview—Dieppe,New Brunswick,Liberal,2015-10-19 12:00:00 AM,2019-10-20 11:59:59 PM
Hon.,Jane,Philpott,Markham—Stouffville,Ontario,Independent,2015-10-19 12:00:00 AM,2019-10-20 11:59:59 PM
,Michel,Picard,Montarville,Quebec,Liberal,2015-10-19 12:00:00 AM,2019-10-20 11:59:59 PM
,Louis,Plamondon,Bécancour—Nicolet—Saurel,Quebec,Bloc Québécois,2015-10-19 12:00:00 AM,2019-10-20 11:59:59 PM
Hon.,Pierre,Poilievre,Carleton,Ontario,Conservative,2015-10-19 12:00:00 AM,2019-10-20 11:59:59 PM
,Jean-Claude,Poissant,La Prairie,Quebec,Liberal,2015-10-19 12:00:00 AM,2019-10-20 11:59:59 PM
,Anne Minh-Thu,Quach,Salaberry—Suroît,Quebec,NDP,2015-10-19 12:00:00 AM,2019-10-20 11:59:59 PM
Hon.,Carla,Qualtrough,Delta,British Columbia,Liberal,2015-10-19 12:00:00 AM,2019-10-20 11:59:59 PM
Hon.,Lisa,Raitt,Milton,Ontario,Conservative,2015-10-19 12:00:00 AM,2019-10-20 11:59:59 PM
,Tracey,Ramsey,Essex,Ontario,NDP,2015-10-19 12:00:00 AM,2019-10-20 11:59:59 PM
,Murray,Rankin,Victoria,British Columbia,NDP,2015-10-19 12:00:00 AM,2019-08-31 11:59:59 PM
,Yasmin,Ratansi,Don Valley East,Ontario,Liberal,2015-10-19 12:00:00 AM,2019-10-20 11:59:59 PM
,Alain,Rayes,Richmond—Arthabaska,Quebec,Conservative,2015-10-19 12:00:00 AM,2019-10-20 11:59:59 PM
Hon.,Geoff,Regan,Halifax West,Nova Scotia,Liberal,2015-10-19 12:00:00 AM,2019-10-20 11:59:59 PM
,Scott,Reid,Lanark—Frontenac—Kingston,Ontario,Conservative,2015-10-19 12:00:00 AM,2019-10-20 11:59:59 PM
Hon.,Michelle,Rempel,Calgary Nose Hill,Alberta,Conservative,2015-10-19 12:00:00 AM,2019-10-20 11:59:59 PM
,Blake,Richards,Banff—Airdrie,Alberta,Conservative,2015-10-19 12:00:00 AM,2019-10-20 11:59:59 PM
,Jean,Rioux,Saint-Jean,Quebec,Liberal,2015-10-19 12:00:00 AM,2019-10-20 11:59:59 PM
Hon.,Gerry,Ritz,Battlefords—Lloydminster,Saskatchewan,Conservative,2015-10-19 12:00:00 AM,2017-10-02 11:59:59 PM
,Yves,Robillard,Marc-Aurèle-Fortin,Quebec,Liberal,2015-10-19 12:00:00 AM,2019-10-20 11:59:59 PM
Hon.,Pablo,Rodriguez,Honoré-Mercier,Quebec,Liberal,2015-10-19 12:00:00 AM,2019-10-20 11:59:59 PM
,Churence,Rogers,Bonavista—Burin—Trinity,Newfoundland and Labrador,Liberal,2017-12-11 12:00:00 AM,2019-10-20 11:59:59 PM
,Sherry,Romanado,Longueuil—Charles-LeMoyne,Quebec,Liberal,2015-10-19 12:00:00 AM,2019-10-20 11:59:59 PM
,Anthony,Rota,Nipissing—Timiskaming,Ontario,Liberal,2015-10-19 12:00:00 AM,2019-10-20 11:59:59 PM
,Kim,Rudd,Northumberland—Peterborough South,Ontario,Liberal,2015-10-19 12:00:00 AM,2019-10-20 11:59:59 PM
,Dan,Ruimy,Pitt Meadows—Maple Ridge,British Columbia,Liberal,2015-10-19 12:00:00 AM,2019-10-20 11:59:59 PM
,Don,Rusnak,Thunder Bay—Rainy River,Ontario,Liberal,2015-10-19 12:00:00 AM,2019-10-20 11:59:59 PM
,Romeo,Saganash,Abitibi—Baie-James—Nunavik—Eeyou,Quebec,NDP,2015-10-19 12:00:00 AM,2019-10-20 11:59:59 PM
,Ruby,Sahota,Brampton North,Ontario,Liberal,2015-10-19 12:00:00 AM,2019-10-20 11:59:59 PM
,Raj,Saini,Kitchener Centre,Ontario,Liberal,2015-10-19 12:00:00 AM,2019-10-20 11:59:59 PM
Hon.,Harjit S.,Sajjan,Vancouver South,British Columbia,Liberal,2015-10-19 12:00:00 AM,2019-10-20 11:59:59 PM
,Darrell,Samson,Sackville—Preston—Chezzetcook,Nova Scotia,Liberal,2015-10-19 12:00:00 AM,2019-10-20 11:59:59 PM
,Ramesh,Sangha,Brampton Centre,Ontario,Liberal,2015-10-19 12:00:00 AM,2019-10-20 11:59:59 PM
,Brigitte,Sansoucy,Saint-Hyacinthe—Bagot,Quebec,NDP,2015-10-19 12:00:00 AM,2019-10-20 11:59:59 PM
,Randeep,Sarai,Surrey Centre,British Columbia,Liberal,2015-10-19 12:00:00 AM,2019-10-20 11:59:59 PM
,Bob,Saroya,Markham—Unionville,Ontario,Conservative,2015-10-19 12:00:00 AM,2019-10-20 11:59:59 PM
,Francis,Scarpaleggia,Lac-Saint-Louis,Quebec,Liberal,2015-10-19 12:00:00 AM,2019-10-20 11:59:59 PM
Hon.,Andrew,Scheer,Regina—Qu'Appelle,Saskatchewan,Conservative,2015-10-19 12:00:00 AM,2019-10-20 11:59:59 PM
,Peter,Schiefke,Vaudreuil—Soulanges,Quebec,Liberal,2015-10-19 12:00:00 AM,2019-10-20 11:59:59 PM
,Jamie,Schmale,Haliburton—Kawartha Lakes—Brock,Ontario,Conservative,2015-10-19 12:00:00 AM,2019-10-20 11:59:59 PM
,Deb,Schulte,King—Vaughan,Ontario,Liberal,2015-10-19 12:00:00 AM,2019-10-20 11:59:59 PM
,Marc,Serré,Nickel Belt,Ontario,Liberal,2015-10-19 12:00:00 AM,2019-10-20 11:59:59 PM
Hon.,Judy A.,Sgro,Humber River—Black Creek,Ontario,Liberal,2015-10-19 12:00:00 AM,2019-10-20 11:59:59 PM
,Brenda,Shanahan,Châteauguay—Lacolle,Quebec,Liberal,2015-10-19 12:00:00 AM,2019-10-20 11:59:59 PM
,Terry,Sheehan,Sault Ste. Marie,Ontario,Liberal,2015-10-19 12:00:00 AM,2019-10-20 11:59:59 PM
,Martin,Shields,Bow River,Alberta,Conservative,2015-10-19 12:00:00 AM,2019-10-20 11:59:59 PM
,Bev,Shipley,Lambton—Kent—Middlesex,Ontario,Conservative,2015-10-19 12:00:00 AM,2019-10-20 11:59:59 PM
,Jati,Sidhu,Mission—Matsqui—Fraser Canyon,British Columbia,Liberal,2015-10-19 12:00:00 AM,2019-10-20 11:59:59 PM
,Sonia,Sidhu,Brampton South,Ontario,Liberal,2015-10-19 12:00:00 AM,2019-10-20 11:59:59 PM
,Gagan,Sikand,Mississauga—Streetsville,Ontario,Liberal,2015-10-19 12:00:00 AM,2019-10-20 11:59:59 PM
,Scott,Simms,Coast of Bays—Central—Notre Dame,Newfoundland and Labrador,Liberal,2015-10-19 12:00:00 AM,2019-10-20 11:59:59 PM
,Jagmeet,Singh,Burnaby South,British Columbia,NDP,2019-02-25 12:00:00 AM,2019-10-20 11:59:59 PM
Hon.,Amarjeet,Sohi,Edmonton Mill Woods,Alberta,Liberal,2015-10-19 12:00:00 AM,2019-10-20 11:59:59 PM
,Robert,Sopuck,Dauphin—Swan River—Neepawa,Manitoba,Conservative,2015-10-19 12:00:00 AM,2019-10-20 11:59:59 PM
,Francesco,Sorbara,Vaughan—Woodbridge,Ontario,Liberal,2015-10-19 12:00:00 AM,2019-10-20 11:59:59 PM
Hon.,Kevin,Sorenson,Battle River—Crowfoot,Alberta,Conservative,2015-10-19 12:00:00 AM,2019-10-20 11:59:59 PM
,Sven,Spengemann,Mississauga—Lakeshore,Ontario,Liberal,2015-10-19 12:00:00 AM,2019-10-20 11:59:59 PM
,Bruce,Stanton,Simcoe North,Ontario,Conservative,2015-10-19 12:00:00 AM,2019-10-20 11:59:59 PM
,Gabriel,Ste-Marie,Joliette,Quebec,Bloc Québécois,2015-10-19 12:00:00 AM,2019-10-20 11:59:59 PM
,Wayne,Stetski,Kootenay—Columbia,British Columbia,NDP,2015-10-19 12:00:00 AM,2019-10-20 11:59:59 PM
,Kennedy,Stewart,Burnaby South,British Columbia,NDP,2015-10-19 12:00:00 AM,2018-09-14 11:59:59 PM
,Mark,Strahl,Chilliwack—Hope,British Columbia,Conservative,2015-10-19 12:00:00 AM,2019-10-20 11:59:59 PM
,Shannon,Stubbs,Lakeland,Alberta,Conservative,2015-10-19 12:00:00 AM,2019-10-20 11:59:59 PM
,David,Sweet,Flamborough—Glanbrook,Ontario,Conservative,2015-10-19 12:00:00 AM,2019-10-20 11:59:59 PM
,Marwan,Tabbara,Kitchener South—Hespeler,Ontario,Liberal,2015-10-19 12:00:00 AM,2019-10-20 11:59:59 PM
,Geng,Tan,Don Valley North,Ontario,Liberal,2015-10-19 12:00:00 AM,2019-10-20 11:59:59 PM
Hon.,Filomena,Tassi,Hamilton West—Ancaster—Dundas,Ontario,Liberal,2015-10-19 12:00:00 AM,2019-10-20 11:59:59 PM
,Luc,Thériault,Montcalm,Quebec,Bloc Québécois,2015-10-19 12:00:00 AM,2019-10-20 11:59:59 PM
,Rachael,Thomas,Lethbridge,Alberta,Conservative,2015-10-19 12:00:00 AM,2019-10-20 11:59:59 PM
,David,Tilson,Dufferin—Caledon,Ontario,Conservative,2015-10-19 12:00:00 AM,2019-10-20 11:59:59 PM
Hon.,Hunter,Tootoo,Nunavut,Nunavut,Independent,2015-10-19 12:00:00 AM,2019-10-20 11:59:59 PM
,Brad,Trost,Saskatoon—University,Saskatchewan,Conservative,2015-10-19 12:00:00 AM,2019-10-20 11:59:59 PM
Right Hon.,Justin,Trudeau,Papineau,Quebec,Liberal,2015-10-19 12:00:00 AM,2019-10-20 11:59:59 PM
,Karine,Trudel,Jonquière,Quebec,NDP,2015-10-19 12:00:00 AM,2019-10-20 11:59:59 PM
,Dave,Van Kesteren,Chatham-Kent—Leamington,Ontario,Conservative,2015-10-19 12:00:00 AM,2019-10-20 11:59:59 PM
Hon.,Peter,Van Loan,York—Simcoe,Ontario,Conservative,2015-10-19 12:00:00 AM,2018-09-30 12:00:00 AM
,Dan,Vandal,Saint Boniface—Saint Vital,Manitoba,Liberal,2015-10-19 12:00:00 AM,2019-10-20 11:59:59 PM
,Anita,Vandenbeld,Ottawa West—Nepean,Ontario,Liberal,2015-10-19 12:00:00 AM,2019-10-20 11:59:59 PM
,Adam,Vaughan,Spadina—Fort York,Ontario,Liberal,2015-10-19 12:00:00 AM,2019-10-20 11:59:59 PM
,Karen,Vecchio,Elgin—Middlesex—London,Ontario,Conservative,2015-10-19 12:00:00 AM,2019-10-20 11:59:59 PM
,Arnold,Viersen,Peace River—Westlock,Alberta,Conservative,2015-10-19 12:00:00 AM,2019-10-20 11:59:59 PM
,Arif,Virani,Parkdale—High Park,Ontario,Liberal,2015-10-19 12:00:00 AM,2019-10-20 11:59:59 PM
,Cathay,Wagantall,Yorkton—Melville,Saskatchewan,Conservative,2015-10-19 12:00:00 AM,2019-10-20 11:59:59 PM
,Mark,Warawa,Langley—Aldergrove,British Columbia,Conservative,2015-10-19 12:00:00 AM,2019-06-20 11:59:59 PM
,Chris,Warkentin,Grande Prairie—Mackenzie,Alberta,Conservative,2015-10-19 12:00:00 AM,2019-10-20 11:59:59 PM
,Dianne L.,Watts,South Surrey—White Rock,British Columbia,Conservative,2015-10-19 12:00:00 AM,2017-09-29 11:59:59 PM
,Kevin,Waugh,Saskatoon—Grasswood,Saskatchewan,Conservative,2015-10-19 12:00:00 AM,2019-10-20 11:59:59 PM
,Len,Webber,Calgary Confederation,Alberta,Conservative,2015-10-19 12:00:00 AM,2019-10-20 11:59:59 PM
,Erin,Weir,Regina—Lewvan,Saskatchewan,Co-operative Commonwealth Federation,2015-10-19 12:00:00 AM,2019-10-20 11:59:59 PM
,Nick,Whalen,St. John's East,Newfoundland and Labrador,Liberal,2015-10-19 12:00:00 AM,2019-10-20 11:59:59 PM
Hon.,Jonathan,Wilkinson,North Vancouver,British Columbia,Liberal,2015-10-19 12:00:00 AM,2019-10-20 11:59:59 PM
Hon.,Jody,Wilson-Raybould,Vancouver Granville,British Columbia,Independent,2015-10-19 12:00:00 AM,2019-10-20 11:59:59 PM
Hon.,Alice,Wong,Richmond Centre,British Columbia,Conservative,2015-10-19 12:00:00 AM,2019-10-20 11:59:59 PM
,Borys,Wrzesnewskyj,Etobicoke Centre,Ontario,Liberal,2015-10-19 12:00:00 AM,2019-10-20 11:59:59 PM
,Jean,Yip,Scarborough—Agincourt,Ontario,Liberal,2017-12-11 12:00:00 AM,2019-10-20 11:59:59 PM
,Kate,Young,London West,Ontario,Liberal,2015-10-19 12:00:00 AM,2019-10-20 11:59:59 PM
,David,Yurdiga,Fort McMurray—Cold Lake,Alberta,Conservative,2015-10-19 12:00:00 AM,2019-10-20 11:59:59 PM
,Salma,Zahid,Scarborough Centre,Ontario,Liberal,2015-10-19 12:00:00 AM,2019-10-20 11:59:59 PM
,Bob,Zimmer,Prince George—Peace River—Northern Rockies,British Columbia,Conservative,2015-10-19 12:00:00 AM,2019-10-20 11:59:59 PM
